country_code,Country,2019_income_group,2019_total_gdp_million,2019_porcentaje,Country,2020_income_group,2020_total_gdp_million,2020_porcentaje,Country,2021_income_group,2021_total_gdp_million,2021_porcentaje,Country,2022_income_group,2022_total_gdp_million,2022_porcentaje,Country,2023_income_group,2023_total_gdp_million,2023_porcentaje
ABW,Aruba,Ingreso Alto,3395.79888268156,0.0,Aruba,Ingreso Alto,2481.8571228401,0.0,Aruba,Ingreso Alto,2929.44657825104,0.0,Aruba,Ingreso Alto,3279.34354360416,0.0,Aruba,Ingreso Alto,3648.57313615155,0.0
AFG,Afghanistan,Países De Ingreso Bajo,18799.4444901128,0.01,Afghanistan,Países De Ingreso Bajo,19955.9290521496,0.01,Afghanistan,Países De Ingreso Bajo,14259.995441075898,0.01,Afghanistan,Países De Ingreso Bajo,14497.2438721337,0.01,Afghanistan,Países De Ingreso Bajo,17233.0516201117,0.01
AGO,Angola,Países De Ingreso Mediano Bajo,70897.96273202769,0.03,Angola,Países De Ingreso Mediano Bajo,48501.561203568606,0.02,Angola,Países De Ingreso Mediano Bajo,66505.1299877235,0.03,Angola,Países De Ingreso Mediano Bajo,104399.746853401,0.04,Angola,Países De Ingreso Mediano Bajo,84824.6544817249,0.03
ALB,Albania,Ingreso Mediano Alto,15585.1051310644,0.01,Albania,Ingreso Mediano Alto,15241.4587448688,0.01,Albania,Ingreso Mediano Alto,18032.0105637558,0.01,Albania,Ingreso Mediano Alto,19017.2425857803,0.01,Albania,Ingreso Mediano Alto,23547.1798304413,0.01
AND,Andorra,Ingreso Alto,3155.14934780639,0.0,Andorra,Ingreso Alto,2891.0011493611,0.0,Andorra,Ingreso Alto,3324.647529381,0.0,Andorra,Ingreso Alto,3380.61257332922,0.0,Andorra,Ingreso Alto,3785.0673317625,0.0
ARE,United Arab Emirates,Ingreso Alto,417989.721734494,0.19,United Arab Emirates,Ingreso Alto,349473.015336939,0.16,United Arab Emirates,Ingreso Alto,415178.792769884,0.18,United Arab Emirates,Ingreso Alto,502731.935197487,0.19,United Arab Emirates,Ingreso Alto,514130.432653081,0.19
ARG,Argentina,Ingreso Mediano Alto,447754.68361522496,0.21,Argentina,Ingreso Mediano Alto,385740.508436965,0.18,Argentina,Ingreso Mediano Alto,486564.085480036,0.21,Argentina,Ingreso Mediano Alto,632790.0700631241,0.24,Argentina,Ingreso Mediano Alto,646075.277525125,0.23
ARM,Armenia,Ingreso Mediano Alto,13619.2905392116,0.01,Armenia,Ingreso Mediano Alto,12641.6985832152,0.01,Armenia,Ingreso Mediano Alto,13878.9086289378,0.01,Armenia,Ingreso Mediano Alto,19513.5065531251,0.01,Armenia,Ingreso Mediano Alto,24085.7495923359,0.01
ASM,American Samoa,Ingreso Alto,647.0,0.0,American Samoa,Ingreso Alto,721.0,0.0,American Samoa,Ingreso Alto,750.0,0.0,American Samoa,Ingreso Alto,871.0,0.0,American Samoa,Ingreso Alto,0.0,0.0
ATG,Antigua And Barbuda,Ingreso Alto,1725.35185185185,0.0,Antigua And Barbuda,Ingreso Alto,1410.7962962963,0.0,Antigua And Barbuda,Ingreso Alto,1601.36666666667,0.0,Antigua And Barbuda,Ingreso Alto,1867.73333333333,0.0,Antigua And Barbuda,Ingreso Alto,2033.08518518518,0.0
AUS,Australia,Ingreso Alto,1392723.83456264,0.65,Australia,Ingreso Alto,1328414.0583783798,0.62,Australia,Ingreso Alto,1556735.77043726,0.66,Australia,Ingreso Alto,1690858.24699443,0.65,Australia,Ingreso Alto,1728057.31669561,0.62
AUT,Austria,Ingreso Alto,442983.642371842,0.21,Austria,Ingreso Alto,434397.601557696,0.2,Austria,Ingreso Alto,480467.03733878303,0.2,Austria,Ingreso Alto,471773.62983038096,0.18,Austria,Ingreso Alto,511685.203845001,0.18
AZE,Azerbaijan,Ingreso Mediano Alto,48174.2352941176,0.02,Azerbaijan,Ingreso Mediano Alto,42693.0,0.02,Azerbaijan,Ingreso Mediano Alto,54825.4117647059,0.02,Azerbaijan,Ingreso Mediano Alto,78807.4705882353,0.03,Azerbaijan,Ingreso Mediano Alto,72356.1764705882,0.03
BDI,Burundi,Países De Ingreso Bajo,2576.5188798235304,0.0,Burundi,Países De Ingreso Bajo,2649.68026144299,0.0,Burundi,Países De Ingreso Bajo,2775.79869746022,0.0,Burundi,Países De Ingreso Bajo,3338.72282765691,0.0,Burundi,Países De Ingreso Bajo,2642.16166885211,0.0
BEL,Belgium,Ingreso Alto,536726.344405489,0.25,Belgium,Ingreso Alto,529694.473501791,0.25,Belgium,Ingreso Alto,598494.036474409,0.25,Belgium,Ingreso Alto,593438.820508173,0.23,Belgium,Ingreso Alto,644782.756682756,0.23
BEN,Benin,Países De Ingreso Mediano Bajo,14391.686309033,0.01,Benin,Países De Ingreso Mediano Bajo,15651.5452088783,0.01,Benin,Países De Ingreso Mediano Bajo,17690.0835199323,0.01,Benin,Países De Ingreso Mediano Bajo,17401.746309265498,0.01,Benin,Países De Ingreso Mediano Bajo,19676.0490757011,0.01
BFA,Burkina Faso,Países De Ingreso Bajo,16032.8135033707,0.01,Burkina Faso,Países De Ingreso Bajo,17725.010532526798,0.01,Burkina Faso,Países De Ingreso Bajo,19697.5162843787,0.01,Burkina Faso,Países De Ingreso Bajo,18820.2186905948,0.01,Burkina Faso,Países De Ingreso Bajo,20324.6178445265,0.01
BGD,Bangladesh,Países De Ingreso Mediano Bajo,351231.654603692,0.16,Bangladesh,Países De Ingreso Mediano Bajo,373979.442362193,0.18,Bangladesh,Países De Ingreso Mediano Bajo,416271.647911014,0.18,Bangladesh,Países De Ingreso Mediano Bajo,460131.688909301,0.18,Bangladesh,Países De Ingreso Mediano Bajo,437415.331040994,0.16
BGR,Bulgaria,Ingreso Alto,68631.72628927941,0.03,Bulgaria,Ingreso Alto,70716.82123459669,0.03,Bulgaria,Ingreso Alto,84417.9512608091,0.04,Bulgaria,Ingreso Alto,90642.8518358996,0.03,Bulgaria,Ingreso Alto,102407.653020606,0.04
BHR,Bahrain,Ingreso Alto,40446.8085106383,0.02,Bahrain,Ingreso Alto,35837.6329787234,0.02,Bahrain,Ingreso Alto,40840.2127659574,0.02,Bahrain,Ingreso Alto,46680.3989361702,0.02,Bahrain,Ingreso Alto,46079.8670212766,0.02
BHS,Bahamas,Ingreso Alto,13016.2,0.01,Bahamas,Ingreso Alto,9958.2,0.0,Bahamas,Ingreso Alto,11368.9,0.0,Bahamas,Ingreso Alto,13136.4,0.01,Bahamas,Ingreso Alto,14338.5,0.01
BIH,Bosnia And Herzegovina,Ingreso Mediano Alto,20482.608755379,0.01,Bosnia And Herzegovina,Ingreso Mediano Alto,20226.036564412894,0.01,Bosnia And Herzegovina,Ingreso Mediano Alto,23672.7122422149,0.01,Bosnia And Herzegovina,Ingreso Mediano Alto,24534.6636361778,0.01,Bosnia And Herzegovina,Ingreso Mediano Alto,27514.7824760406,0.01
BLR,Belarus,Ingreso Mediano Alto,64410.1228473508,0.03,Belarus,Ingreso Mediano Alto,61371.7553262351,0.03,Belarus,Ingreso Mediano Alto,69673.74713187,0.03,Belarus,Ingreso Mediano Alto,73775.179924603,0.03,Belarus,Ingreso Mediano Alto,71857.38274560659,0.03
BLZ,Belize,Ingreso Mediano Alto,2388.3,0.0,Belize,Ingreso Mediano Alto,2042.85,0.0,Belize,Ingreso Mediano Alto,2420.55,0.0,Belize,Ingreso Mediano Alto,2846.7,0.0,Belize,Ingreso Mediano Alto,3066.85,0.0
BMU,Bermuda,Ingreso Alto,7423.465,0.0,Bermuda,Ingreso Alto,6887.147,0.0,Bermuda,Ingreso Alto,7286.607,0.0,Bermuda,Ingreso Alto,7827.98,0.0,Bermuda,Ingreso Alto,8141.7,0.0
BOL,Bolivia (Plurinational State Of),Países De Ingreso Mediano Bajo,40895.3228437851,0.02,Bolivia (Plurinational State Of),Países De Ingreso Mediano Bajo,36629.8438050216,0.02,Bolivia (Plurinational State Of),Países De Ingreso Mediano Bajo,40406.111695179,0.02,Bolivia (Plurinational State Of),Países De Ingreso Mediano Bajo,44008.2828779606,0.02,Bolivia (Plurinational State Of),Países De Ingreso Mediano Bajo,45135.3980088166,0.02
BRA,Brazil,Ingreso Mediano Alto,1873288.20518645,0.87,Brazil,Ingreso Mediano Alto,1476107.23119411,0.69,Brazil,Ingreso Mediano Alto,1670647.39903467,0.71,Brazil,Ingreso Mediano Alto,1951923.94208332,0.75,Brazil,Ingreso Mediano Alto,2173665.65593727,0.78
BRB,Barbados,Ingreso Alto,5788.288,0.0,Barbados,Ingreso Alto,5168.34445,0.0,Barbados,Ingreso Alto,5275.24205,0.0,Barbados,Ingreso Alto,6257.3035,0.0,Barbados,Ingreso Alto,6720.7332,0.0
BRN,Brunei Darussalam,Ingreso Alto,13469.2353482211,0.01,Brunei Darussalam,Ingreso Alto,12005.7996642691,0.01,Brunei Darussalam,Ingreso Alto,14006.4966143195,0.01,Brunei Darussalam,Ingreso Alto,16681.5364425498,0.01,Brunei Darussalam,Ingreso Alto,15128.2929808638,0.01
BTN,Bhutan,Países De Ingreso Mediano Bajo,2735.68357028851,0.0,Bhutan,Países De Ingreso Mediano Bajo,2457.6043341591503,0.0,Bhutan,Países De Ingreso Mediano Bajo,2768.80295960794,0.0,Bhutan,Países De Ingreso Mediano Bajo,2898.22774313545,0.0,Bhutan,Países De Ingreso Mediano Bajo,0.0,0.0
BWA,Botswana,Ingreso Mediano Alto,16725.9081485481,0.01,Botswana,Ingreso Mediano Alto,14960.2911059316,0.01,Botswana,Ingreso Mediano Alto,18750.9466001423,0.01,Botswana,Ingreso Mediano Alto,20321.958850036302,0.01,Botswana,Ingreso Mediano Alto,19396.0844980084,0.01
CAF,Central African Republic,Países De Ingreso Bajo,2221.30135143918,0.0,Central African Republic,Países De Ingreso Bajo,2326.7209003804696,0.0,Central African Republic,Países De Ingreso Bajo,2516.49841246384,0.0,Central African Republic,Países De Ingreso Bajo,2382.61861501694,0.0,Central African Republic,Países De Ingreso Bajo,2555.49208524831,0.0
CAN,Canada,Ingreso Alto,1743725.18367252,0.81,Canada,Ingreso Alto,1655684.73000019,0.78,Canada,Ingreso Alto,2007472.1814641496,0.85,Canada,Ingreso Alto,2161483.36942201,0.83,Canada,Ingreso Alto,2142470.9144013603,0.77
CHE,Switzerland,Ingreso Alto,721369.112726724,0.33,Switzerland,Ingreso Alto,741999.406005627,0.35,Switzerland,Ingreso Alto,813408.787222499,0.34,Switzerland,Ingreso Alto,818426.5502064499,0.31,Switzerland,Ingreso Alto,884940.4022304091,0.32
CHL,Chile,Ingreso Alto,278285.058719466,0.13,Chile,Ingreso Alto,254042.159309311,0.12,Chile,Ingreso Alto,315515.014838539,0.13,Chile,Ingreso Alto,302116.53940903005,0.12,Chile,Ingreso Alto,335533.331669219,0.12
CHN,China,Ingreso Mediano Alto,14279968.5062717,6.63,China,Ingreso Mediano Alto,14687744.162801,6.88,China,Ingreso Mediano Alto,17820459.5088522,7.53,China,Ingreso Mediano Alto,17881782.6837073,6.88,China,Ingreso Mediano Alto,17794783.039552,6.42
CIV,Côte D'Ivoire,Países De Ingreso Mediano Bajo,60382.894697355696,0.03,Côte D'Ivoire,Países De Ingreso Mediano Bajo,63027.8528054204,0.03,Côte D'Ivoire,Países De Ingreso Mediano Bajo,72794.6366537793,0.03,Côte D'Ivoire,Países De Ingreso Mediano Bajo,70173.1401014315,0.03,Côte D'Ivoire,Países De Ingreso Mediano Bajo,78875.4892450538,0.03
CMR,Cameroon,Países De Ingreso Mediano Bajo,39667.7575276578,0.02,Cameroon,Países De Ingreso Mediano Bajo,40773.2411770505,0.02,Cameroon,Países De Ingreso Mediano Bajo,45011.9373468384,0.02,Cameroon,Países De Ingreso Mediano Bajo,44347.2060725513,0.02,Cameroon,Países De Ingreso Mediano Bajo,49279.410982826,0.02
COD,"Congo, Democratic Republic Of The",Países De Ingreso Bajo,51775.8298772088,0.02,"Congo, Democratic Republic Of The",Países De Ingreso Bajo,48716.9618601325,0.02,"Congo, Democratic Republic Of The",Países De Ingreso Bajo,55328.4827835393,0.02,"Congo, Democratic Republic Of The",Países De Ingreso Bajo,65801.5476195815,0.03,"Congo, Democratic Republic Of The",Países De Ingreso Bajo,66383.2870029867,0.02
COG,Congo,Países De Ingreso Mediano Bajo,13976.6377799763,0.01,Congo,Países De Ingreso Mediano Bajo,11468.6874640046,0.01,Congo,Países De Ingreso Mediano Bajo,14825.690210915702,0.01,Congo,Países De Ingreso Mediano Bajo,15817.0301546941,0.01,Congo,Países De Ingreso Mediano Bajo,15321.0558225167,0.01
COL,Colombia,Ingreso Mediano Alto,323031.70119284,0.15,Colombia,Ingreso Mediano Alto,270348.342541465,0.13,Colombia,Ingreso Mediano Alto,318524.633225395,0.13,Colombia,Ingreso Mediano Alto,345329.875078512,0.13,Colombia,Ingreso Mediano Alto,363493.841244303,0.13
COM,Comoros,Países De Ingreso Mediano Bajo,1195.0195319011,0.0,Comoros,Países De Ingreso Mediano Bajo,1225.03919661091,0.0,Comoros,Países De Ingreso Mediano Bajo,1296.08947991978,0.0,Comoros,Países De Ingreso Mediano Bajo,1242.51940777603,0.0,Comoros,Países De Ingreso Mediano Bajo,1352.38097124055,0.0
CPV,Cabo Verde,Países De Ingreso Mediano Bajo,2252.17713374705,0.0,Cabo Verde,Países De Ingreso Mediano Bajo,1821.5656176945,0.0,Cabo Verde,Países De Ingreso Mediano Bajo,2051.84260964558,0.0,Cabo Verde,Países De Ingreso Mediano Bajo,2247.00334763376,0.0,Cabo Verde,Países De Ingreso Mediano Bajo,2533.8194064916,0.0
CRI,Costa Rica,Ingreso Mediano Alto,64417.6705213545,0.03,Costa Rica,Ingreso Mediano Alto,62395.6107600492,0.03,Costa Rica,Ingreso Mediano Alto,64960.7257341965,0.03,Costa Rica,Ingreso Mediano Alto,69243.6260285936,0.03,Costa Rica,Ingreso Mediano Alto,86497.94143901739,0.03
CUB,Cuba,Ingreso Mediano Alto,103427.6,0.05,Cuba,Ingreso Mediano Alto,107351.8,0.05,Cuba,Ingreso Mediano Alto,0.0,0.0,Cuba,Ingreso Mediano Alto,0.0,0.0,Cuba,Ingreso Mediano Alto,0.0,0.0
CUW,Curaçao,Ingreso Alto,3026.12413407821,0.0,Curaçao,Ingreso Alto,2534.32759776536,0.0,Curaçao,Ingreso Alto,2739.60815642458,0.0,Curaçao,Ingreso Alto,3075.1808347241704,0.0,Curaçao,Ingreso Alto,3281.41934737053,0.0
CYM,Cayman Islands,Ingreso Alto,5941.89660758643,0.0,Cayman Islands,Ingreso Alto,5655.35802143209,0.0,Cayman Islands,Ingreso Alto,6060.02652010608,0.0,Cayman Islands,Ingreso Alto,6600.84396337585,0.0,Cayman Islands,Ingreso Alto,7139.42855771423,0.0
CYP,Cyprus,Ingreso Alto,26196.6670995303,0.01,Cyprus,Ingreso Alto,25555.0938542968,0.01,Cyprus,Ingreso Alto,30372.874319628503,0.01,Cyprus,Ingreso Alto,30976.1768868521,0.01,Cyprus,Ingreso Alto,33886.9307123394,0.01
CZE,Czechia,Ingreso Alto,256794.20902877,0.12,Czechia,Ingreso Alto,251109.660602536,0.12,Czechia,Ingreso Alto,290972.71448231296,0.12,Czechia,Ingreso Alto,301831.22832555603,0.12,Czechia,Ingreso Alto,343207.87455373403,0.12
DEU,Germany,Ingreso Alto,3957208.05521568,1.84,Germany,Ingreso Alto,3940142.5413541,1.85,Germany,Ingreso Alto,4348297.440387529,1.84,Germany,Ingreso Alto,4163596.35787939,1.6,Germany,Ingreso Alto,4525703.903627531,1.63
DJI,Djibouti,Países De Ingreso Mediano Bajo,3088.85363856832,0.0,Djibouti,Países De Ingreso Mediano Bajo,3185.1509810320704,0.0,Djibouti,Países De Ingreso Mediano Bajo,3385.82522886997,0.0,Djibouti,Países De Ingreso Mediano Bajo,3674.29847907676,0.0,Djibouti,Países De Ingreso Mediano Bajo,4098.53051355777,0.0
DMA,Dominica,Ingreso Mediano Alto,611.5370370370371,0.0,Dominica,Ingreso Mediano Alto,504.214814814815,0.0,Dominica,Ingreso Mediano Alto,555.266666666667,0.0,Dominica,Ingreso Mediano Alto,607.159259259259,0.0,Dominica,Ingreso Mediano Alto,653.9925925925929,0.0
DNK,Denmark,Ingreso Alto,345401.473012615,0.16,Denmark,Ingreso Alto,355631.02193162096,0.17,Denmark,Ingreso Alto,408378.204639999,0.17,Denmark,Ingreso Alto,401945.576107963,0.15,Denmark,Ingreso Alto,407091.920305404,0.15
DOM,Dominican Republic,Ingreso Mediano Alto,88941.3725582397,0.04,Dominican Republic,Ingreso Mediano Alto,78844.6562981776,0.04,Dominican Republic,Ingreso Mediano Alto,94243.4259383647,0.04,Dominican Republic,Ingreso Mediano Alto,113537.36817613,0.04,Dominican Republic,Ingreso Mediano Alto,121444.279313931,0.04
DZA,Algeria,Ingreso Mediano Alto,193459.662090677,0.09,Algeria,Ingreso Mediano Alto,164873.415325201,0.08,Algeria,Ingreso Mediano Alto,186231.205262082,0.08,Algeria,Ingreso Mediano Alto,225638.456572143,0.09,Algeria,Ingreso Mediano Alto,247626.161016414,0.09
ECU,Ecuador,Ingreso Mediano Alto,107595.829,0.05,Ecuador,Ingreso Mediano Alto,95865.472,0.04,Ecuador,Ingreso Mediano Alto,107435.101,0.05,Ecuador,Ingreso Mediano Alto,116586.079,0.04,Ecuador,Ingreso Mediano Alto,118844.826,0.04
EGY,Egypt,Países De Ingreso Mediano Bajo,318678.815489749,0.15,Egypt,Países De Ingreso Mediano Bajo,383817.841547099,0.18,Egypt,Países De Ingreso Mediano Bajo,424671.765455704,0.18,Egypt,Países De Ingreso Mediano Bajo,476747.720364742,0.18,Egypt,Países De Ingreso Mediano Bajo,396002.49699696,0.14
ERI,Eritrea,Países De Ingreso Bajo,0.0,0.0,Eritrea,Países De Ingreso Bajo,0.0,0.0,Eritrea,Países De Ingreso Bajo,0.0,0.0,Eritrea,Países De Ingreso Bajo,0.0,0.0,Eritrea,Países De Ingreso Bajo,0.0,0.0
ESP,Spain,Ingreso Alto,1403496.38768627,0.65,Spain,Ingreso Alto,1289783.83697121,0.6,Spain,Ingreso Alto,1461244.90185269,0.62,Spain,Ingreso Alto,1446498.14774903,0.56,Spain,Ingreso Alto,1620090.73495689,0.58
EST,Estonia,Ingreso Alto,31873.7487700313,0.01,Estonia,Ingreso Alto,31820.7714938974,0.01,Estonia,Ingreso Alto,37204.56305147229,0.02,Estonia,Ingreso Alto,38376.046174971,0.01,Estonia,Ingreso Alto,41291.2452221948,0.01
ETH,Ethiopia,Países De Ingreso Bajo,95912.6077223032,0.04,Ethiopia,Países De Ingreso Bajo,107657.734392446,0.05,Ethiopia,Países De Ingreso Bajo,111261.882958426,0.05,Ethiopia,Países De Ingreso Bajo,126772.703047701,0.05,Ethiopia,Países De Ingreso Bajo,163697.927593982,0.06
FIN,Finland,Ingreso Alto,267014.821129411,0.12,Finland,Ingreso Alto,270000.311606226,0.13,Finland,Ingreso Alto,294223.210496119,0.12,Finland,Ingreso Alto,280241.51577432,0.11,Finland,Ingreso Alto,295532.34125490696,0.11
FJI,Fiji,Ingreso Mediano Alto,5444.40721431758,0.0,Fiji,Ingreso Mediano Alto,4432.46623709588,0.0,Fiji,Ingreso Mediano Alto,4305.03163081808,0.0,Fiji,Ingreso Mediano Alto,4969.503560773501,0.0,Fiji,Ingreso Mediano Alto,5442.04656504719,0.0
FRA,France,Ingreso Alto,2722793.51517176,1.26,France,Ingreso Alto,2647926.05511005,1.24,France,Ingreso Alto,2966433.6920080897,1.25,France,Ingreso Alto,2796302.21039884,1.08,France,Ingreso Alto,3051831.61138476,1.1
FRO,Faroe Islands,Ingreso Alto,3266.43273422819,0.0,Faroe Islands,Ingreso Alto,3271.8133115831,0.0,Faroe Islands,Ingreso Alto,3664.68679662669,0.0,Faroe Islands,Ingreso Alto,3566.6983976602,0.0,Faroe Islands,Ingreso Alto,3907.32396133964,0.0
FSM,Micronesia (Federated States Of),Países De Ingreso Mediano Bajo,394.0,0.0,Micronesia (Federated States Of),Países De Ingreso Mediano Bajo,372.0,0.0,Micronesia (Federated States Of),Países De Ingreso Mediano Bajo,390.0,0.0,Micronesia (Federated States Of),Países De Ingreso Mediano Bajo,430.0,0.0,Micronesia (Federated States Of),Países De Ingreso Mediano Bajo,460.0,0.0
GAB,Gabon,Ingreso Mediano Alto,16874.405465391003,0.01,Gabon,Ingreso Mediano Alto,15342.2361639864,0.01,Gabon,Ingreso Mediano Alto,19444.935097239497,0.01,Gabon,Ingreso Mediano Alto,20440.6556951804,0.01,Gabon,Ingreso Mediano Alto,19388.4025416698,0.01
GBR,United Kingdom Of Great Britain And Northern Ireland,Ingreso Alto,2851407.1649078103,1.32,United Kingdom Of Great Britain And Northern Ireland,Ingreso Alto,2696778.3866076497,1.26,United Kingdom Of Great Britain And Northern Ireland,Ingreso Alto,3143323.05070726,1.33,United Kingdom Of Great Britain And Northern Ireland,Ingreso Alto,3114042.4711443903,1.2,United Kingdom Of Great Britain And Northern Ireland,Ingreso Alto,3380854.52080954,1.22
GEO,Georgia,Ingreso Mediano Alto,17638.3371169126,0.01,Georgia,Ingreso Mediano Alto,16010.86921568,0.01,Georgia,Ingreso Mediano Alto,18853.1155888106,0.01,Georgia,Ingreso Mediano Alto,24984.568959605,0.01,Georgia,Ingreso Mediano Alto,30777.8335854441,0.01
GHA,Ghana,Países De Ingreso Mediano Bajo,68337.9692477067,0.03,Ghana,Países De Ingreso Mediano Bajo,70043.09967567999,0.03,Ghana,Países De Ingreso Mediano Bajo,79524.42186127431,0.03,Ghana,Países De Ingreso Mediano Bajo,74263.3640418742,0.03,Ghana,Países De Ingreso Mediano Bajo,76370.39672215401,0.03
GIB,Gibraltar,Ingreso Alto,0.0,0.0,Gibraltar,Ingreso Alto,0.0,0.0,Gibraltar,Ingreso Alto,0.0,0.0,Gibraltar,Ingreso Alto,0.0,0.0,Gibraltar,Ingreso Alto,0.0,0.0
GIN,Guinea,Países De Ingreso Mediano Bajo,13442.8614964454,0.01,Guinea,Países De Ingreso Mediano Bajo,14088.6937429464,0.01,Guinea,Países De Ingreso Mediano Bajo,17069.115737825898,0.01,Guinea,Países De Ingreso Mediano Bajo,19910.452541921903,0.01,Guinea,Países De Ingreso Mediano Bajo,22199.4097412578,0.01
GMB,Gambia,Países De Ingreso Bajo,1813.60969249994,0.0,Gambia,Países De Ingreso Bajo,1812.17089119069,0.0,Gambia,Países De Ingreso Bajo,2014.15884214596,0.0,Gambia,Países De Ingreso Bajo,2204.73452788096,0.0,Gambia,Países De Ingreso Bajo,2396.11102164149,0.0
GNB,Guinea-Bissau,Países De Ingreso Bajo,1588.63885359328,0.0,Guinea-Bissau,Países De Ingreso Bajo,1646.40034984867,0.0,Guinea-Bissau,Países De Ingreso Bajo,1853.79645589489,0.0,Guinea-Bissau,Países De Ingreso Bajo,1796.60853082267,0.0,Guinea-Bissau,Países De Ingreso Bajo,2048.34810835852,0.0
GNQ,Equatorial Guinea,Ingreso Mediano Alto,11364.1335497478,0.01,Equatorial Guinea,Ingreso Mediano Alto,9893.8160077398,0.0,Equatorial Guinea,Ingreso Mediano Alto,12215.8780327166,0.01,Equatorial Guinea,Ingreso Mediano Alto,13687.6434356249,0.01,Equatorial Guinea,Ingreso Mediano Alto,12337.550583754,0.0
GRC,Greece,Ingreso Alto,207305.649887019,0.1,Greece,Ingreso Alto,191362.985554861,0.09,Greece,Ingreso Alto,218303.801895326,0.09,Greece,Ingreso Alto,218880.566444349,0.08,Greece,Ingreso Alto,243498.333237802,0.09
GRD,Grenada,Ingreso Mediano Alto,1213.48518518519,0.0,Grenada,Ingreso Mediano Alto,1043.41111111111,0.0,Grenada,Ingreso Mediano Alto,1122.8,0.0,Grenada,Ingreso Mediano Alto,1224.57777777778,0.0,Grenada,Ingreso Mediano Alto,1316.73333333333,0.0
GRL,Greenland,Ingreso Alto,2997.3099718762296,0.0,Greenland,Ingreso Alto,3082.8846532456,0.0,Greenland,Ingreso Alto,3235.8095042987097,0.0,Greenland,Ingreso Alto,0.0,0.0,Greenland,Ingreso Alto,0.0,0.0
GTM,Guatemala,Ingreso Mediano Alto,77172.3172586478,0.04,Guatemala,Ingreso Mediano Alto,77719.46422072999,0.04,Guatemala,Ingreso Mediano Alto,86478.8356363813,0.04,Guatemala,Ingreso Mediano Alto,95630.524813106,0.04,Guatemala,Ingreso Mediano Alto,104450.210572012,0.04
GUM,Guam,Ingreso Alto,6355.0,0.0,Guam,Ingreso Alto,5916.0,0.0,Guam,Ingreso Alto,6234.0,0.0,Guam,Ingreso Alto,6910.0,0.0,Guam,Ingreso Alto,0.0,0.0
GUY,Guyana,Ingreso Alto,5173.760191846521,0.0,Guyana,Ingreso Alto,5471.25659472422,0.0,Guyana,Ingreso Alto,8041.36389304556,0.0,Guyana,Ingreso Alto,14718.3870167866,0.01,Guyana,Ingreso Alto,17159.5095654676,0.01
HKG,Hong Kong,Ingreso Alto,363074.54507238895,0.17,Hong Kong,Ingreso Alto,344943.149590058,0.16,Hong Kong,Ingreso Alto,368954.169748818,0.16,Hong Kong,Ingreso Alto,358681.066274469,0.14,Hong Kong,Ingreso Alto,380812.234827832,0.14
HND,Honduras,Países De Ingreso Mediano Bajo,24882.2257418119,0.01,Honduras,Países De Ingreso Mediano Bajo,23352.232483755,0.01,Honduras,Países De Ingreso Mediano Bajo,28144.331506614897,0.01,Honduras,Países De Ingreso Mediano Bajo,31426.0418067985,0.01,Honduras,Países De Ingreso Mediano Bajo,34400.5098520436,0.01
HRV,Croatia,Ingreso Alto,61467.58219368241,0.03,Croatia,Ingreso Alto,57963.37088507981,0.03,Croatia,Ingreso Alto,69006.8022986956,0.03,Croatia,Ingreso Alto,71198.6351019514,0.03,Croatia,Ingreso Alto,84393.7955024421,0.03
HTI,Haiti,Países De Ingreso Mediano Bajo,15016.0909295125,0.01,Haiti,Países De Ingreso Mediano Bajo,14508.2225183018,0.01,Haiti,Países De Ingreso Mediano Bajo,20877.4149526375,0.01,Haiti,Países De Ingreso Mediano Bajo,20253.551920551603,0.01,Haiti,Países De Ingreso Mediano Bajo,19850.8297575418,0.01
HUN,Hungary,Ingreso Alto,164020.460331659,0.08,Hungary,Ingreso Alto,157288.955508176,0.07,Hungary,Ingreso Alto,182109.99947769105,0.08,Hungary,Ingreso Alto,177006.12862462702,0.07,Hungary,Ingreso Alto,212388.906458724,0.08
IDN,Indonesia,Ingreso Mediano Alto,1119099.87138579,0.52,Indonesia,Ingreso Mediano Alto,1059054.84271155,0.5,Indonesia,Ingreso Mediano Alto,1186509.69107097,0.5,Indonesia,Ingreso Mediano Alto,1319076.26729151,0.51,Indonesia,Ingreso Mediano Alto,1371171.15233116,0.49
IMN,Isle Of Man,Ingreso Alto,7314.96786628289,0.0,Isle Of Man,Ingreso Alto,6684.22564102564,0.0,Isle Of Man,Ingreso Alto,7931.19322206405,0.0,Isle Of Man,Ingreso Alto,0.0,0.0,Isle Of Man,Ingreso Alto,0.0,0.0
IND,India,Países De Ingreso Mediano Bajo,2835606.25655819,1.32,India,Países De Ingreso Mediano Bajo,2674851.57858727,1.25,India,Países De Ingreso Mediano Bajo,3167270.62326047,1.34,India,Países De Ingreso Mediano Bajo,3353470.49688633,1.29,India,Países De Ingreso Mediano Bajo,3567551.6746230097,1.29
IRL,Ireland,Ingreso Alto,407124.824064995,0.19,Ireland,Ingreso Alto,436555.518400451,0.2,Ireland,Ingreso Alto,531306.516907984,0.22,Ireland,Ingreso Alto,548570.250341987,0.21,Ireland,Ingreso Alto,551394.889339778,0.2
IRN,Iran (Islamic Republic Of),Ingreso Mediano Alto,333519.146339191,0.15,Iran (Islamic Republic Of),Ingreso Mediano Alto,262186.179355944,0.12,Iran (Islamic Republic Of),Ingreso Mediano Alto,383436.202446695,0.16,Iran (Islamic Republic Of),Ingreso Mediano Alto,394362.62179303495,0.15,Iran (Islamic Republic Of),Ingreso Mediano Alto,404625.655204619,0.15
IRQ,Iraq,Ingreso Mediano Alto,233636.097800338,0.11,Iraq,Ingreso Mediano Alto,180898.797516874,0.08,Iraq,Ingreso Mediano Alto,209691.945713103,0.09,Iraq,Ingreso Mediano Alto,286640.34096551704,0.11,Iraq,Ingreso Mediano Alto,250842.782139464,0.09
ISL,Iceland,Ingreso Alto,24681.3436492952,0.01,Iceland,Ingreso Alto,21629.9531940659,0.01,Iceland,Ingreso Alto,25825.287184381803,0.01,Iceland,Ingreso Alto,28770.2066265564,0.01,Iceland,Ingreso Alto,31325.1165563807,0.01
ISR,Israel,Ingreso Alto,399651.06519787095,0.19,Israel,Ingreso Alto,411728.563086632,0.19,Israel,Ingreso Alto,489708.27889305295,0.21,Israel,Ingreso Alto,525000.4152766779,0.2,Israel,Ingreso Alto,513611.100815691,0.19
ITA,Italy,Ingreso Alto,2019606.79658353,0.94,Italy,Ingreso Alto,1907481.09407923,0.89,Italy,Ingreso Alto,2179207.7735960903,0.92,Italy,Ingreso Alto,2102995.94272044,0.81,Italy,Ingreso Alto,2300941.15299181,0.83
JAM,Jamaica,Ingreso Mediano Alto,15830.7665707266,0.01,Jamaica,Ingreso Mediano Alto,13812.4218034084,0.01,Jamaica,Ingreso Mediano Alto,14657.5861270331,0.01,Jamaica,Ingreso Mediano Alto,17097.7607239201,0.01,Jamaica,Ingreso Mediano Alto,19423.3554092316,0.01
JOR,Jordan,Países De Ingreso Mediano Bajo,44503.0063380282,0.02,Jordan,Países De Ingreso Mediano Bajo,43700.3830985916,0.02,Jordan,Países De Ingreso Mediano Bajo,46296.1001408451,0.02,Jordan,Países De Ingreso Mediano Bajo,48764.9633802817,0.02,Jordan,Países De Ingreso Mediano Bajo,50967.4753521127,0.02
JPN,Japan,Ingreso Alto,5117993.85301651,2.38,Japan,Ingreso Alto,5055587.09350159,2.37,Japan,Ingreso Alto,5034620.78458498,2.13,Japan,Ingreso Alto,4256410.76072375,1.64,Japan,Ingreso Alto,4204494.80243155,1.52
KAZ,Kazakhstan,Ingreso Mediano Alto,181667.184854501,0.08,Kazakhstan,Ingreso Mediano Alto,171082.365861423,0.08,Kazakhstan,Ingreso Mediano Alto,197112.255360612,0.08,Kazakhstan,Ingreso Mediano Alto,225496.328925494,0.09,Kazakhstan,Ingreso Mediano Alto,262641.892078524,0.09
KEN,Kenya,Países De Ingreso Mediano Bajo,100378.436207371,0.05,Kenya,Países De Ingreso Mediano Bajo,100657.505750545,0.05,Kenya,Países De Ingreso Mediano Bajo,109703.658904994,0.05,Kenya,Países De Ingreso Mediano Bajo,114448.978152637,0.04,Kenya,Países De Ingreso Mediano Bajo,108038.588970595,0.04
KGZ,Kyrgyzstan,Países De Ingreso Mediano Bajo,9371.27526436735,0.0,Kyrgyzstan,Países De Ingreso Mediano Bajo,8270.46861424051,0.0,Kyrgyzstan,Países De Ingreso Mediano Bajo,9249.13394626531,0.0,Kyrgyzstan,Países De Ingreso Mediano Bajo,12134.9310179465,0.0,Kyrgyzstan,Países De Ingreso Mediano Bajo,13987.6279088381,0.01
KHM,Cambodia,Países De Ingreso Mediano Bajo,36685.3564077206,0.02,Cambodia,Países De Ingreso Mediano Bajo,34818.0739014851,0.02,Cambodia,Países De Ingreso Mediano Bajo,36790.1636874421,0.02,Cambodia,Países De Ingreso Mediano Bajo,39994.5329596074,0.02,Cambodia,Países De Ingreso Mediano Bajo,42335.6468957984,0.02
KIR,Kiribati,Países De Ingreso Mediano Bajo,216.985362338171,0.0,Kiribati,Países De Ingreso Mediano Bajo,223.123620597516,0.0,Kiribati,Países De Ingreso Mediano Bajo,289.33929215730103,0.0,Kiribati,Países De Ingreso Mediano Bajo,270.841698369345,0.0,Kiribati,Países De Ingreso Mediano Bajo,279.208903337644,0.0
KNA,Saint Kitts And Nevis,Ingreso Alto,1107.8555555555602,0.0,Saint Kitts And Nevis,Ingreso Alto,883.922222222222,0.0,Saint Kitts And Nevis,Ingreso Alto,858.6222222222219,0.0,Saint Kitts And Nevis,Ingreso Alto,981.42962962963,0.0,Saint Kitts And Nevis,Ingreso Alto,1055.49977777778,0.0
KOR,"Korea, Republic Of",Ingreso Alto,1651422.93244777,0.77,"Korea, Republic Of",Ingreso Alto,1644312.83190617,0.77,"Korea, Republic Of",Ingreso Alto,1818432.10688004,0.77,"Korea, Republic Of",Ingreso Alto,1673916.51179971,0.64,"Korea, Republic Of",Ingreso Alto,1712792.8542023702,0.62
KWT,Kuwait,Ingreso Alto,140856.39487001998,0.07,Kuwait,Ingreso Alto,111045.470461207,0.05,Kuwait,Ingreso Alto,148459.291453471,0.06,Kuwait,Ingreso Alto,183940.21506517095,0.07,Kuwait,Ingreso Alto,163704.87887585,0.06
LAO,Lao People'S Democratic Republic,Países De Ingreso Mediano Bajo,18740.5615125555,0.01,Lao People'S Democratic Republic,Países De Ingreso Mediano Bajo,18981.8052502424,0.01,Lao People'S Democratic Republic,Países De Ingreso Mediano Bajo,18827.1485309347,0.01,Lao People'S Democratic Republic,Países De Ingreso Mediano Bajo,15468.7852037532,0.01,Lao People'S Democratic Republic,Países De Ingreso Mediano Bajo,15843.1557312552,0.01
LBN,Lebanon,Países De Ingreso Mediano Bajo,51605.9591312741,0.02,Lebanon,Países De Ingreso Mediano Bajo,31712.1282537961,0.01,Lebanon,Países De Ingreso Mediano Bajo,23131.941556784303,0.01,Lebanon,Países De Ingreso Mediano Bajo,20992.4219488081,0.01,Lebanon,Países De Ingreso Mediano Bajo,0.0,0.0
LBR,Liberia,Países De Ingreso Bajo,3319.5965,0.0,Liberia,Países De Ingreso Bajo,3176.1263,0.0,Liberia,Países De Ingreso Bajo,3513.0495,0.0,Liberia,Países De Ingreso Bajo,4001.047,0.0,Liberia,Países De Ingreso Bajo,4240.0,0.0
LBY,Libya,Ingreso Mediano Alto,69254.4964716938,0.03,Libya,Ingreso Mediano Alto,46854.285440642,0.02,Libya,Ingreso Mediano Alto,35217.9956472862,0.01,Libya,Ingreso Mediano Alto,43246.2979218499,0.02,Libya,Ingreso Mediano Alto,45096.4629724014,0.02
LCA,Saint Lucia,Ingreso Mediano Alto,2095.37037037037,0.0,Saint Lucia,Ingreso Mediano Alto,1499.2962962963,0.0,Saint Lucia,Ingreso Mediano Alto,1867.18518518518,0.0,Saint Lucia,Ingreso Mediano Alto,2342.7037037037003,0.0,Saint Lucia,Ingreso Mediano Alto,2430.14814814815,0.0
LIE,Liechtenstein,Ingreso Alto,6436.46700711932,0.0,Liechtenstein,Ingreso Alto,6405.870210322931,0.0,Liechtenstein,Ingreso Alto,7710.38008592257,0.0,Liechtenstein,Ingreso Alto,7361.50443219331,0.0,Liechtenstein,Ingreso Alto,0.0,0.0
LKA,Sri Lanka,Países De Ingreso Mediano Bajo,89014.9783441404,0.04,Sri Lanka,Países De Ingreso Mediano Bajo,84304.2987705329,0.04,Sri Lanka,Países De Ingreso Mediano Bajo,88609.32490197741,0.04,Sri Lanka,Países De Ingreso Mediano Bajo,74144.87002342439,0.03,Sri Lanka,Países De Ingreso Mediano Bajo,84356.8637436335,0.03
LSO,Lesotho,Países De Ingreso Mediano Bajo,2390.7022958277703,0.0,Lesotho,Países De Ingreso Mediano Bajo,2053.69987007191,0.0,Lesotho,Países De Ingreso Mediano Bajo,2412.1300565585098,0.0,Lesotho,Países De Ingreso Mediano Bajo,2354.6830887199503,0.0,Lesotho,Países De Ingreso Mediano Bajo,2117.96245079469,0.0
LTU,Lithuania,Ingreso Alto,55122.066225796,0.03,Lithuania,Ingreso Alto,57412.0385332718,0.03,Lithuania,Ingreso Alto,67037.3210089679,0.03,Lithuania,Ingreso Alto,71033.88449978239,0.03,Lithuania,Ingreso Alto,79789.8774161681,0.03
LUX,Luxembourg,Ingreso Alto,69890.50532358419,0.03,Luxembourg,Ingreso Alto,73699.36670021339,0.03,Luxembourg,Ingreso Alto,85584.1059938746,0.04,Luxembourg,Ingreso Alto,81641.8078657591,0.03,Luxembourg,Ingreso Alto,85755.00612359759,0.03
LVA,Latvia,Ingreso Alto,33099.503950847,0.02,Latvia,Ingreso Alto,33379.927434614896,0.02,Latvia,Ingreso Alto,38185.1257329451,0.02,Latvia,Ingreso Alto,38018.905782397,0.01,Latvia,Ingreso Alto,42247.850064512495,0.02
MAC,Macao,Ingreso Alto,55082.2938441008,0.03,Macao,Ingreso Alto,25343.5259358358,0.01,Macao,Ingreso Alto,30969.334705051497,0.01,Macao,Ingreso Alto,24999.1134758368,0.01,Macao,Ingreso Alto,45803.06794040721,0.02
MAF,Saint Martin (French Part),Ingreso Alto,652.206037103874,0.0,Saint Martin (French Part),Ingreso Alto,0.0,0.0,Saint Martin (French Part),Ingreso Alto,649.206262847519,0.0,Saint Martin (French Part),Ingreso Alto,0.0,0.0,Saint Martin (French Part),Ingreso Alto,0.0,0.0
MAR,Morocco,Países De Ingreso Mediano Bajo,128920.266409458,0.06,Morocco,Países De Ingreso Mediano Bajo,121353.645057144,0.06,Morocco,Países De Ingreso Mediano Bajo,142022.058447231,0.06,Morocco,Países De Ingreso Mediano Bajo,130951.926351241,0.05,Morocco,Países De Ingreso Mediano Bajo,144417.103249646,0.05
MCO,Monaco,Ingreso Alto,7383.49625423721,0.0,Monaco,Ingreso Alto,6730.7362827896095,0.0,Monaco,Ingreso Alto,8623.242743295641,0.0,Monaco,Ingreso Alto,8800.43048617137,0.0,Monaco,Ingreso Alto,9995.35054712166,0.0
MDA,"Moldova, Republic Of",Ingreso Mediano Alto,11736.7970546965,0.01,"Moldova, Republic Of",Ingreso Mediano Alto,11530.7462344492,0.01,"Moldova, Republic Of",Ingreso Mediano Alto,13691.8692640794,0.01,"Moldova, Republic Of",Ingreso Mediano Alto,14510.4906602516,0.01,"Moldova, Republic Of",Ingreso Mediano Alto,16539.436547295,0.01
MDG,Madagascar,Países De Ingreso Bajo,14104.6646785063,0.01,Madagascar,Países De Ingreso Bajo,13051.4412039474,0.01,Madagascar,Países De Ingreso Bajo,14554.7541165427,0.01,Madagascar,Países De Ingreso Bajo,15134.7002030497,0.01,Madagascar,Países De Ingreso Bajo,15790.1132467478,0.01
MDV,Maldives,Ingreso Mediano Alto,5726.094799377091,0.0,Maldives,Ingreso Mediano Alto,3712.6045833666494,0.0,Maldives,Ingreso Mediano Alto,5252.45736955218,0.0,Maldives,Ingreso Mediano Alto,6177.11811394637,0.0,Maldives,Ingreso Mediano Alto,6590.8943019579,0.0
MEX,Mexico,Ingreso Mediano Alto,1304106.2036948102,0.61,Mexico,Ingreso Mediano Alto,1121064.76726188,0.52,Mexico,Ingreso Mediano Alto,1316569.46693259,0.56,Mexico,Ingreso Mediano Alto,1464312.69233158,0.56,Mexico,Ingreso Mediano Alto,1789114.43484346,0.65
MHL,Marshall Islands,Ingreso Mediano Alto,232.9,0.0,Marshall Islands,Ingreso Mediano Alto,241.8,0.0,Marshall Islands,Ingreso Mediano Alto,258.9,0.0,Marshall Islands,Ingreso Mediano Alto,253.4,0.0,Marshall Islands,Ingreso Mediano Alto,259.3,0.0
MKD,North Macedonia,Ingreso Mediano Alto,12606.338448547,0.01,North Macedonia,Ingreso Mediano Alto,12361.0369138409,0.01,North Macedonia,Ingreso Mediano Alto,14000.2838270154,0.01,North Macedonia,Ingreso Mediano Alto,13932.4365500883,0.01,North Macedonia,Ingreso Mediano Alto,15763.621848115,0.01
MLI,Mali,Países De Ingreso Bajo,17280.2508100321,0.01,Mali,Países De Ingreso Bajo,17465.3927643706,0.01,Mali,Países De Ingreso Bajo,19309.4635080377,0.01,Mali,Países De Ingreso Bajo,18780.3222037584,0.01,Mali,Países De Ingreso Bajo,20661.7945960873,0.01
MLT,Malta,Ingreso Alto,16337.7935307788,0.01,Malta,Ingreso Alto,16385.9195356742,0.01,Malta,Ingreso Alto,19718.565605433,0.01,Malta,Ingreso Alto,19209.9799752323,0.01,Malta,Ingreso Alto,22328.640241555306,0.01
MMR,Myanmar,Países De Ingreso Mediano Bajo,75065.10622768919,0.03,Myanmar,Países De Ingreso Mediano Bajo,79006.11364319059,0.04,Myanmar,Países De Ingreso Mediano Bajo,66345.2911601683,0.03,Myanmar,Países De Ingreso Mediano Bajo,62253.0498916449,0.02,Myanmar,Países De Ingreso Mediano Bajo,66757.619,0.02
MNE,Montenegro,Ingreso Mediano Alto,5542.05418112616,0.0,Montenegro,Ingreso Mediano Alto,4769.99686600758,0.0,Montenegro,Ingreso Mediano Alto,5861.427505124931,0.0,Montenegro,Ingreso Mediano Alto,6229.80158079157,0.0,Montenegro,Ingreso Mediano Alto,7530.59337522034,0.0
MNG,Mongolia,Ingreso Mediano Alto,14206.3590175143,0.01,Mongolia,Ingreso Mediano Alto,13312.9814290891,0.01,Mongolia,Ingreso Mediano Alto,15286.4417376686,0.01,Mongolia,Ingreso Mediano Alto,17146.471713748,0.01,Mongolia,Ingreso Mediano Alto,20325.1213939074,0.01
MNP,Northern Mariana Islands,Ingreso Alto,1179.0,0.0,Northern Mariana Islands,Ingreso Alto,866.0,0.0,Northern Mariana Islands,Ingreso Alto,914.0,0.0,Northern Mariana Islands,Ingreso Alto,1096.0,0.0,Northern Mariana Islands,Ingreso Alto,0.0,0.0
MOZ,Mozambique,Países De Ingreso Bajo,15512.759046672,0.01,Mozambique,Países De Ingreso Bajo,14235.4201741884,0.01,Mozambique,Países De Ingreso Bajo,16168.0554754449,0.01,Mozambique,Países De Ingreso Bajo,18883.5285813734,0.01,Mozambique,Países De Ingreso Bajo,20954.220983547297,0.01
MRT,Mauritania,Países De Ingreso Mediano Bajo,7894.76488582312,0.0,Mauritania,Países De Ingreso Mediano Bajo,8260.75238523089,0.0,Mauritania,Países De Ingreso Mediano Bajo,9222.53636401272,0.0,Mauritania,Países De Ingreso Mediano Bajo,9557.966698253693,0.0,Mauritania,Países De Ingreso Mediano Bajo,10651.7094114594,0.0
MUS,Mauritius,Ingreso Mediano Alto,14436.3469796355,0.01,Mauritius,Ingreso Mediano Alto,11408.1064463144,0.01,Mauritius,Ingreso Mediano Alto,11484.3488578529,0.0,Mauritius,Ingreso Mediano Alto,12927.9792860453,0.0,Mauritius,Ingreso Mediano Alto,14644.5248190054,0.01
MWI,Malawi,Países De Ingreso Bajo,11051.8655798121,0.01,Malawi,Países De Ingreso Bajo,11769.3135978545,0.01,Malawi,Países De Ingreso Bajo,12378.1297509872,0.01,Malawi,Países De Ingreso Bajo,12429.060150742,0.0,Malawi,Países De Ingreso Bajo,12712.1500820792,0.0
MYS,Malaysia,Ingreso Mediano Alto,365177.721021516,0.17,Malaysia,Ingreso Mediano Alto,337456.163961211,0.16,Malaysia,Ingreso Mediano Alto,373784.823672946,0.16,Malaysia,Ingreso Mediano Alto,407605.841348235,0.16,Malaysia,Ingreso Mediano Alto,399705.169318477,0.14
NAM,Namibia,Ingreso Mediano Alto,12541.92830348,0.01,Namibia,Ingreso Mediano Alto,10583.748541525802,0.0,Namibia,Ingreso Mediano Alto,12402.4861836396,0.01,Namibia,Ingreso Mediano Alto,12567.2710046761,0.0,Namibia,Ingreso Mediano Alto,12351.0250669131,0.0
NCL,New Caledonia,Ingreso Alto,9475.655324594947,0.0,New Caledonia,Ingreso Alto,9454.62946791408,0.0,New Caledonia,Ingreso Alto,10071.3496638484,0.0,New Caledonia,Ingreso Alto,9623.318718314593,0.0,New Caledonia,Ingreso Alto,0.0,0.0
NER,Niger,Países De Ingreso Bajo,12889.5555612299,0.01,Niger,Países De Ingreso Bajo,13744.653103058,0.01,Niger,Países De Ingreso Bajo,14915.002436069,0.01,Niger,Países De Ingreso Bajo,15433.8527122963,0.01,Niger,Países De Ingreso Bajo,16819.1704205653,0.01
NGA,Nigeria,Países De Ingreso Mediano Bajo,474517.490844461,0.22,Nigeria,Países De Ingreso Mediano Bajo,432198.898467795,0.2,Nigeria,Países De Ingreso Mediano Bajo,440833.63587382704,0.19,Nigeria,Países De Ingreso Mediano Bajo,477403.400101174,0.18,Nigeria,Países De Ingreso Mediano Bajo,363846.332834618,0.13
NIC,Nicaragua,Países De Ingreso Mediano Bajo,12699.028889666,0.01,Nicaragua,Países De Ingreso Mediano Bajo,12681.5692542815,0.01,Nicaragua,Países De Ingreso Mediano Bajo,14144.0608531362,0.01,Nicaragua,Países De Ingreso Mediano Bajo,15649.8971168965,0.01,Nicaragua,Países De Ingreso Mediano Bajo,17829.2182193591,0.01
NLD,Netherlands,Ingreso Alto,928903.005576469,0.43,Netherlands,Ingreso Alto,932560.86170117,0.44,Netherlands,Ingreso Alto,1054472.1234496,0.45,Netherlands,Ingreso Alto,1046540.79754864,0.4,Netherlands,Ingreso Alto,1154361.30539806,0.42
NOR,Norway,Ingreso Alto,408742.840909091,0.19,Norway,Ingreso Alto,367633.418886627,0.17,Norway,Ingreso Alto,503367.986030268,0.21,Norway,Ingreso Alto,593726.965415619,0.23,Norway,Ingreso Alto,485310.823603662,0.18
NPL,Nepal,Países De Ingreso Mediano Bajo,34186.1806990255,0.02,Nepal,Países De Ingreso Mediano Bajo,33433.659301246604,0.02,Nepal,Países De Ingreso Mediano Bajo,36924.8413942605,0.02,Nepal,Países De Ingreso Mediano Bajo,41182.93960067,0.02,Nepal,Países De Ingreso Mediano Bajo,40908.0733668455,0.01
NRU,Nauru,Ingreso Alto,124.871111377973,0.0,Nauru,Ingreso Alto,124.530027301054,0.0,Nauru,Ingreso Alto,175.513984500084,0.0,Nauru,Ingreso Alto,156.80308730249598,0.0,Nauru,Ingreso Alto,154.170289321861,0.0
NZL,New Zealand,Ingreso Alto,212846.907683439,0.1,New Zealand,Ingreso Alto,212697.53089756,0.1,New Zealand,Ingreso Alto,253644.079784977,0.11,New Zealand,Ingreso Alto,246733.522841353,0.09,New Zealand,Ingreso Alto,252175.506110168,0.09
OMN,Oman,Ingreso Alto,88060.8582574772,0.04,Oman,Ingreso Alto,75909.4928478544,0.04,Oman,Ingreso Alto,87323.7971391417,0.04,Oman,Ingreso Alto,111943.823146944,0.04,Oman,Ingreso Alto,108810.923276983,0.04
PAK,Pakistan,Países De Ingreso Mediano Bajo,320909.47277066903,0.15,Pakistan,Países De Ingreso Mediano Bajo,300425.609817981,0.14,Pakistan,Países De Ingreso Mediano Bajo,348516.64744514803,0.15,Pakistan,Países De Ingreso Mediano Bajo,374890.29566669394,0.14,Pakistan,Países De Ingreso Mediano Bajo,337912.301397727,0.12
PAN,Panama,Ingreso Alto,69778.9912,0.03,Panama,Ingreso Alto,57059.8465,0.03,Panama,Ingreso Alto,67396.3925,0.03,Panama,Ingreso Alto,76276.1167,0.03,Panama,Ingreso Alto,83318.1769,0.03
PER,Peru,Ingreso Mediano Alto,228346.006003648,0.11,Peru,Ingreso Mediano Alto,201409.694755934,0.09,Peru,Ingreso Mediano Alto,226354.27828088505,0.1,Peru,Ingreso Mediano Alto,246488.757636211,0.09,Peru,Ingreso Mediano Alto,267603.248655253,0.1
PHL,Philippines,Países De Ingreso Mediano Bajo,376823.402244928,0.17,Philippines,Países De Ingreso Mediano Bajo,361751.145451597,0.17,Philippines,Países De Ingreso Mediano Bajo,394087.35984811,0.17,Philippines,Países De Ingreso Mediano Bajo,404353.369604631,0.16,Philippines,Países De Ingreso Mediano Bajo,437146.372729942,0.16
PLW,Palau,Ingreso Alto,281.9415625,0.0,Palau,Ingreso Alto,258.99084375,0.0,Palau,Ingreso Alto,235.75290625,0.0,Palau,Ingreso Alto,255.5910625,0.0,Palau,Ingreso Alto,281.8490625,0.0
PNG,Papua New Guinea,Países De Ingreso Mediano Bajo,24750.626040591706,0.01,Papua New Guinea,Países De Ingreso Mediano Bajo,23848.4478497467,0.01,Papua New Guinea,Países De Ingreso Mediano Bajo,26109.413522308103,0.01,Papua New Guinea,Países De Ingreso Mediano Bajo,31647.2777673976,0.01,Papua New Guinea,Países De Ingreso Mediano Bajo,30729.2429194411,0.01
POL,Poland,Ingreso Alto,602683.77014488,0.28,Poland,Ingreso Alto,605914.2379037419,0.28,Poland,Ingreso Alto,689170.23066535,0.29,Poland,Ingreso Alto,695607.470875276,0.27,Poland,Ingreso Alto,809200.6977970881,0.29
PRI,Puerto Rico,Ingreso Alto,105126.4,0.05,Puerto Rico,Ingreso Alto,103130.9,0.05,Puerto Rico,Ingreso Alto,106426.6,0.04,Puerto Rico,Ingreso Alto,113567.2,0.04,Puerto Rico,Ingreso Alto,117902.3,0.04
PRK,Korea (Democratic People'S Republic Of),Países De Ingreso Bajo,0.0,0.0,Korea (Democratic People'S Republic Of),Países De Ingreso Bajo,0.0,0.0,Korea (Democratic People'S Republic Of),Países De Ingreso Bajo,0.0,0.0,Korea (Democratic People'S Republic Of),Países De Ingreso Bajo,0.0,0.0,Korea (Democratic People'S Republic Of),Países De Ingreso Bajo,0.0,0.0
PRT,Portugal,Ingreso Alto,240115.97006301905,0.11,Portugal,Ingreso Alto,229618.77342257695,0.11,Portugal,Ingreso Alto,256055.879091139,0.11,Portugal,Ingreso Alto,256898.675068927,0.1,Portugal,Ingreso Alto,289114.289663542,0.1
PRY,Paraguay,Ingreso Mediano Alto,37925.3383291494,0.02,Paraguay,Ingreso Mediano Alto,35432.1780681814,0.02,Paraguay,Ingreso Mediano Alto,39950.8999387482,0.02,Paraguay,Ingreso Mediano Alto,41952.9108580846,0.02,Paraguay,Ingreso Mediano Alto,42956.2635439482,0.02
PSE,"Palestine, State Of",Países De Ingreso Mediano Bajo,17133.5,0.01,"Palestine, State Of",Países De Ingreso Mediano Bajo,15531.7,0.01,"Palestine, State Of",Países De Ingreso Mediano Bajo,18109.0,0.01,"Palestine, State Of",Países De Ingreso Mediano Bajo,19165.5,0.01,"Palestine, State Of",Países De Ingreso Mediano Bajo,17420.8,0.01
PYF,French Polynesia,Ingreso Alto,6022.276196138711,0.0,French Polynesia,Ingreso Alto,5792.54587080614,0.0,French Polynesia,Ingreso Alto,6150.64064638319,0.0,French Polynesia,Ingreso Alto,5814.661208905441,0.0,French Polynesia,Ingreso Alto,0.0,0.0
QAT,Qatar,Ingreso Alto,176371.267689082,0.08,Qatar,Ingreso Alto,144411.36334527,0.07,Qatar,Ingreso Alto,179732.009554846,0.08,Qatar,Ingreso Alto,235709.325708341,0.09,Qatar,Ingreso Alto,213002.809330267,0.08
ROU,Romania,Ingreso Alto,251677.08253449496,0.12,Romania,Ingreso Alto,252033.792712145,0.12,Romania,Ingreso Alto,286578.196368297,0.12,Romania,Ingreso Alto,296354.358293475,0.11,Romania,Ingreso Alto,350775.85641518905,0.13
RUS,Russian Federation,Ingreso Alto,1693115.00270832,0.79,Russian Federation,Ingreso Alto,1493075.89436214,0.7,Russian Federation,Ingreso Alto,1843392.29373438,0.78,Russian Federation,Ingreso Alto,2266029.24064534,0.87,Russian Federation,Ingreso Alto,2021421.47603542,0.73
RWA,Rwanda,Países De Ingreso Bajo,10349.30038033,0.0,Rwanda,Países De Ingreso Bajo,10174.3873743478,0.0,Rwanda,Países De Ingreso Bajo,11069.280649645902,0.0,Rwanda,Países De Ingreso Bajo,13316.1608950447,0.01,Rwanda,Países De Ingreso Bajo,14097.7684721883,0.01
SAU,Saudi Arabia,Ingreso Alto,838564.8,0.39,Saudi Arabia,Ingreso Alto,734271.2,0.34,Saudi Arabia,Ingreso Alto,874156.0,0.37,Saudi Arabia,Ingreso Alto,1108571.4666666698,0.43,Saudi Arabia,Ingreso Alto,1067582.93333333,0.39
SDN,Sudan,Países De Ingreso Bajo,32338.0791652893,0.02,Sudan,Países De Ingreso Bajo,27034.59375,0.01,Sudan,Países De Ingreso Bajo,34229.5137749936,0.01,Sudan,Países De Ingreso Bajo,51666.8753630963,0.02,Sudan,Países De Ingreso Bajo,109265.503110904,0.04
SEN,Senegal,Países De Ingreso Mediano Bajo,23403.9959921354,0.01,Senegal,Países De Ingreso Mediano Bajo,24530.5130377518,0.01,Senegal,Países De Ingreso Mediano Bajo,27520.7841297508,0.01,Senegal,Países De Ingreso Mediano Bajo,27619.4790596131,0.01,Senegal,Países De Ingreso Mediano Bajo,30848.3330837055,0.01
SGP,Singapore,Ingreso Alto,376901.649222451,0.17,Singapore,Ingreso Alto,349488.382610662,0.16,Singapore,Ingreso Alto,434111.559282849,0.18,Singapore,Ingreso Alto,498474.54098778,0.19,Singapore,Ingreso Alto,501427.5000800591,0.18
SLB,Solomon Islands,Países De Ingreso Mediano Bajo,1619.1550173924,0.0,Solomon Islands,Países De Ingreso Mediano Bajo,1536.14581417007,0.0,Solomon Islands,Países De Ingreso Mediano Bajo,1522.7949130913998,0.0,Solomon Islands,Países De Ingreso Mediano Bajo,1566.36068610632,0.0,Solomon Islands,Países De Ingreso Mediano Bajo,1633.31940119414,0.0
SLE,Sierra Leone,Países De Ingreso Bajo,6523.57759038319,0.0,Sierra Leone,Países De Ingreso Bajo,6688.59475762129,0.0,Sierra Leone,Países De Ingreso Bajo,7165.21436764956,0.0,Sierra Leone,Países De Ingreso Bajo,7119.13732190082,0.0,Sierra Leone,Países De Ingreso Bajo,6411.86954628929,0.0
SLV,El Salvador,Ingreso Mediano Alto,26881.14,0.01,El Salvador,Ingreso Mediano Alto,24921.19,0.01,El Salvador,Ingreso Mediano Alto,29043.14,0.01,El Salvador,Ingreso Mediano Alto,31988.92,0.01,El Salvador,Ingreso Mediano Alto,34015.62,0.01
SMR,San Marino,Ingreso Alto,1616.23212512587,0.0,San Marino,Ingreso Alto,1544.71449324409,0.0,San Marino,Ingreso Alto,1855.39599976534,0.0,San Marino,Ingreso Alto,1831.70057708904,0.0,San Marino,Ingreso Alto,0.0,0.0
SOM,Somalia,Países De Ingreso Bajo,8655.023960002001,0.0,Somalia,Países De Ingreso Bajo,8628.39371999922,0.0,Somalia,Países De Ingreso Bajo,9483.99740425227,0.0,Somalia,Países De Ingreso Bajo,10202.7672699603,0.0,Somalia,Países De Ingreso Bajo,10968.5170900004,0.0
SRB,Serbia,Ingreso Mediano Alto,53864.6936645568,0.03,Serbia,Ingreso Mediano Alto,55874.017668998,0.03,Serbia,Ingreso Mediano Alto,66159.8840725308,0.03,Serbia,Ingreso Mediano Alto,66797.564758339,0.03,Serbia,Ingreso Mediano Alto,81342.6607523732,0.03
SSD,South Sudan,Países De Ingreso Bajo,0.0,0.0,South Sudan,Países De Ingreso Bajo,0.0,0.0,South Sudan,Países De Ingreso Bajo,0.0,0.0,South Sudan,Países De Ingreso Bajo,0.0,0.0,South Sudan,Países De Ingreso Bajo,0.0,0.0
STP,Sao Tome And Principe,Países De Ingreso Mediano Bajo,412.976082620705,0.0,Sao Tome And Principe,Países De Ingreso Mediano Bajo,471.229484607144,0.0,Sao Tome And Principe,Países De Ingreso Mediano Bajo,524.40245554816,0.0,Sao Tome And Principe,Países De Ingreso Mediano Bajo,540.809499189348,0.0,Sao Tome And Principe,Países De Ingreso Mediano Bajo,678.976264835436,0.0
SUR,Suriname,Ingreso Mediano Alto,4016.04057508796,0.0,Suriname,Ingreso Mediano Alto,2911.80749620227,0.0,Suriname,Ingreso Mediano Alto,3107.92319796954,0.0,Suriname,Ingreso Mediano Alto,3791.6032000259,0.0,Suriname,Ingreso Mediano Alto,3455.14628083975,0.0
SVK,Slovakia,Ingreso Alto,105843.498304094,0.05,Slovakia,Ingreso Alto,107732.602896441,0.05,Slovakia,Ingreso Alto,120592.216208386,0.05,Slovakia,Ingreso Alto,115928.615553286,0.04,Slovakia,Ingreso Alto,132908.33623429498,0.05
SVN,Slovenia,Ingreso Alto,53909.922735545,0.03,Slovenia,Ingreso Alto,53384.760135158096,0.02,Slovenia,Ingreso Alto,61529.280461092,0.03,Slovenia,Ingreso Alto,59927.7027462843,0.02,Slovenia,Ingreso Alto,69148.46841732081,0.02
SWE,Sweden,Ingreso Alto,532169.29416594,0.25,Sweden,Ingreso Alto,545147.614972141,0.26,Sweden,Ingreso Alto,637186.904843636,0.27,Sweden,Ingreso Alto,579895.717343956,0.22,Sweden,Ingreso Alto,584960.4757673199,0.21
SWZ,Eswatini,Países De Ingreso Mediano Bajo,4594.81814327624,0.0,Eswatini,Países De Ingreso Mediano Bajo,4105.75686255271,0.0,Eswatini,Países De Ingreso Mediano Bajo,4737.67157632851,0.0,Eswatini,Países De Ingreso Mediano Bajo,4695.3727850814,0.0,Eswatini,Países De Ingreso Mediano Bajo,4442.87578808505,0.0
SXM,Sint Maarten (Dutch Part),Ingreso Alto,1407.88044692737,0.0,Sint Maarten (Dutch Part),Ingreso Alto,1236.42810055866,0.0,Sint Maarten (Dutch Part),Ingreso Alto,1353.07106145251,0.0,Sint Maarten (Dutch Part),Ingreso Alto,1537.0887150838,0.0,Sint Maarten (Dutch Part),Ingreso Alto,1627.77694927374,0.0
SYC,Seychelles,Ingreso Alto,1868.69009673454,0.0,Seychelles,Ingreso Alto,1382.55175156908,0.0,Seychelles,Ingreso Alto,1487.17379480528,0.0,Seychelles,Ingreso Alto,2057.96851983091,0.0,Seychelles,Ingreso Alto,2141.45017113932,0.0
SYR,Syrian Arab Republic,Países De Ingreso Bajo,22583.0450600821,0.01,Syrian Arab Republic,Países De Ingreso Bajo,12047.752036091,0.01,Syrian Arab Republic,Países De Ingreso Bajo,14353.2056784991,0.01,Syrian Arab Republic,Países De Ingreso Bajo,23622.8270795047,0.01,Syrian Arab Republic,Países De Ingreso Bajo,0.0,0.0
TCA,Turks And Caicos Islands,Ingreso Alto,1177.28521172521,0.0,Turks And Caicos Islands,Ingreso Alto,774.653669315186,0.0,Turks And Caicos Islands,Ingreso Alto,1045.7824535755,0.0,Turks And Caicos Islands,Ingreso Alto,1228.79438295121,0.0,Turks And Caicos Islands,Ingreso Alto,1402.05439094734,0.0
TCD,Chad,Países De Ingreso Bajo,11314.9510917283,0.01,Chad,Países De Ingreso Bajo,10715.3960423343,0.01,Chad,Países De Ingreso Bajo,11779.9813328631,0.0,Chad,Países De Ingreso Bajo,12396.8075884082,0.0,Chad,Países De Ingreso Bajo,13149.3253623347,0.0
TGO,Togo,Países De Ingreso Bajo,6992.70010137188,0.0,Togo,Países De Ingreso Bajo,7400.28416778479,0.0,Togo,Países De Ingreso Bajo,8342.24364594438,0.0,Togo,Países De Ingreso Bajo,8169.47614895692,0.0,Togo,Países De Ingreso Bajo,9171.26183757103,0.0
THA,Thailand,Ingreso Mediano Alto,543976.691793886,0.25,Thailand,Ingreso Mediano Alto,500461.898480246,0.23,Thailand,Ingreso Mediano Alto,506256.4942973401,0.21,Thailand,Ingreso Mediano Alto,495645.21097275097,0.19,Thailand,Ingreso Mediano Alto,514968.699239005,0.19
TJK,Tajikistan,Países De Ingreso Mediano Bajo,8300.8135993084,0.0,Tajikistan,Países De Ingreso Mediano Bajo,8133.9635506574205,0.0,Tajikistan,Países De Ingreso Mediano Bajo,8937.805347139629,0.0,Tajikistan,Países De Ingreso Mediano Bajo,10713.5252003998,0.0,Tajikistan,Países De Ingreso Mediano Bajo,12060.6020088478,0.0
TKM,Turkmenistan,Ingreso Mediano Alto,45232.8571428571,0.02,Turkmenistan,Ingreso Mediano Alto,45818.0,0.02,Turkmenistan,Ingreso Mediano Alto,50007.428571428594,0.02,Turkmenistan,Ingreso Mediano Alto,58972.0,0.02,Turkmenistan,Ingreso Mediano Alto,60628.8571428571,0.02
TLS,Timor-Leste,Países De Ingreso Mediano Bajo,2032.5504,0.0,Timor-Leste,Países De Ingreso Mediano Bajo,2162.6192,0.0,Timor-Leste,Países De Ingreso Mediano Bajo,3624.8897,0.0,Timor-Leste,Países De Ingreso Mediano Bajo,3208.594,0.0,Timor-Leste,Países De Ingreso Mediano Bajo,2079.9169,0.0
TON,Tonga,Ingreso Mediano Alto,494.197841113077,0.0,Tonga,Ingreso Mediano Alto,496.85629576752,0.0,Tonga,Ingreso Mediano Alto,518.22801209129,0.0,Tonga,Ingreso Mediano Alto,518.180042241509,0.0,Tonga,Ingreso Mediano Alto,0.0,0.0
TTO,Trinidad And Tobago,Ingreso Alto,23775.659262573503,0.01,Trinidad And Tobago,Ingreso Alto,20807.7161740546,0.01,Trinidad And Tobago,Ingreso Alto,24496.397204717603,0.01,Trinidad And Tobago,Ingreso Alto,30053.4460920128,0.01,Trinidad And Tobago,Ingreso Alto,27372.2856979477,0.01
TUN,Tunisia,Países De Ingreso Mediano Bajo,41905.642418825,0.02,Tunisia,Países De Ingreso Mediano Bajo,42491.780918361,0.02,Tunisia,Países De Ingreso Mediano Bajo,46812.290143344,0.02,Tunisia,Países De Ingreso Mediano Bajo,44579.7610228993,0.02,Tunisia,Países De Ingreso Mediano Bajo,48529.5954166533,0.02
TUR,Turkey,Ingreso Mediano Alto,761005.9157509251,0.35,Turkey,Ingreso Mediano Alto,720338.490327248,0.34,Turkey,Ingreso Mediano Alto,819865.223976115,0.35,Turkey,Ingreso Mediano Alto,907118.434653505,0.35,Turkey,Ingreso Mediano Alto,1118252.96426077,0.4
TUV,Tuvalu,Ingreso Mediano Alto,54.1231985662913,0.0,Tuvalu,Ingreso Mediano Alto,51.7465943148543,0.0,Tuvalu,Ingreso Mediano Alto,60.1964057138393,0.0,Tuvalu,Ingreso Mediano Alto,59.0659820873657,0.0,Tuvalu,Ingreso Mediano Alto,62.2803115852172,0.0
TZA,"Tanzania, United Republic Of",Países De Ingreso Mediano Bajo,61026.7319259213,0.03,"Tanzania, United Republic Of",Países De Ingreso Mediano Bajo,66068.73778606391,0.03,"Tanzania, United Republic Of",Países De Ingreso Mediano Bajo,70655.6281478986,0.03,"Tanzania, United Republic Of",Países De Ingreso Mediano Bajo,75769.9745050106,0.03,"Tanzania, United Republic Of",Países De Ingreso Mediano Bajo,79062.403820892,0.03
UGA,Uganda,Países De Ingreso Bajo,35348.1550954215,0.02,Uganda,Países De Ingreso Bajo,37600.3682416657,0.02,Uganda,Países De Ingreso Bajo,40529.7887486737,0.02,Uganda,Países De Ingreso Bajo,45565.3332109108,0.02,Uganda,Países De Ingreso Bajo,48768.9558633175,0.02
UKR,Ukraine,Ingreso Mediano Alto,153883.047509577,0.07,Ukraine,Ingreso Mediano Alto,156617.72201334202,0.07,Ukraine,Ingreso Mediano Alto,199765.859570935,0.08,Ukraine,Ingreso Mediano Alto,161989.52072119,0.06,Ukraine,Ingreso Mediano Alto,178757.021965008,0.06
URY,Uruguay,Ingreso Alto,62222.3258070578,0.03,Uruguay,Ingreso Alto,53668.6365678667,0.03,Uruguay,Ingreso Alto,60760.7985955436,0.03,Uruguay,Ingreso Alto,70164.6832903776,0.03,Uruguay,Ingreso Alto,77240.8308774597,0.03
USA,United States Of America,Ingreso Alto,21539982.0,10.0,United States Of America,Ingreso Alto,21354105.0,10.0,United States Of America,Ingreso Alto,23681171.0,10.0,United States Of America,Ingreso Alto,26006893.0,10.0,United States Of America,Ingreso Alto,27720709.0,10.0
UZB,Uzbekistan,Países De Ingreso Mediano Bajo,67293.6397983996,0.03,Uzbekistan,Países De Ingreso Mediano Bajo,66443.2654183086,0.03,Uzbekistan,Países De Ingreso Mediano Bajo,77340.0600030347,0.03,Uzbekistan,Países De Ingreso Mediano Bajo,90095.9265674359,0.03,Uzbekistan,Países De Ingreso Mediano Bajo,101591.769702343,0.04
VCT,Saint Vincent And The Grenadines,Ingreso Mediano Alto,910.766666666667,0.0,Saint Vincent And The Grenadines,Ingreso Mediano Alto,869.1111111111111,0.0,Saint Vincent And The Grenadines,Ingreso Mediano Alto,872.2259259259259,0.0,Saint Vincent And The Grenadines,Ingreso Mediano Alto,966.492592592592,0.0,Saint Vincent And The Grenadines,Ingreso Mediano Alto,1065.96296296296,0.0
VEN,Venezuela (Bolivarian Republic Of),No Clasificado,0.0,0.0,Venezuela (Bolivarian Republic Of),No Clasificado,0.0,0.0,Venezuela (Bolivarian Republic Of),No Clasificado,0.0,0.0,Venezuela (Bolivarian Republic Of),No Clasificado,0.0,0.0,Venezuela (Bolivarian Republic Of),No Clasificado,0.0,0.0
VGB,Virgin Islands (British),Ingreso Alto,0.0,0.0,Virgin Islands (British),Ingreso Alto,0.0,0.0,Virgin Islands (British),Ingreso Alto,0.0,0.0,Virgin Islands (British),Ingreso Alto,0.0,0.0,Virgin Islands (British),Ingreso Alto,0.0,0.0
VIR,Virgin Islands (U.S.),Ingreso Alto,4121.0,0.0,Virgin Islands (U.S.),Ingreso Alto,4229.0,0.0,Virgin Islands (U.S.),Ingreso Alto,4507.0,0.0,Virgin Islands (U.S.),Ingreso Alto,4672.0,0.0,Virgin Islands (U.S.),Ingreso Alto,0.0,0.0
VNM,Viet Nam,Países De Ingreso Mediano Bajo,334365.270496667,0.16,Viet Nam,Países De Ingreso Mediano Bajo,346615.738537796,0.16,Viet Nam,Países De Ingreso Mediano Bajo,366474.752771009,0.15,Viet Nam,Países De Ingreso Mediano Bajo,410324.028883325,0.16,Viet Nam,Países De Ingreso Mediano Bajo,429716.969043572,0.16
VUT,Vanuatu,Países De Ingreso Mediano Bajo,936.526267622513,0.0,Vanuatu,Países De Ingreso Mediano Bajo,909.421043508407,0.0,Vanuatu,Países De Ingreso Mediano Bajo,950.394006532514,0.0,Vanuatu,Países De Ingreso Mediano Bajo,1022.21929750335,0.0,Vanuatu,Países De Ingreso Mediano Bajo,1126.3133592192298,0.0
WSM,Samoa,Países De Ingreso Mediano Bajo,912.950466064906,0.0,Samoa,Países De Ingreso Mediano Bajo,868.8983582664371,0.0,Samoa,Países De Ingreso Mediano Bajo,843.923638733018,0.0,Samoa,Países De Ingreso Mediano Bajo,832.9452056371849,0.0,Samoa,Países De Ingreso Mediano Bajo,938.189443830393,0.0
YEM,Yemen,Países De Ingreso Bajo,0.0,0.0,Yemen,Países De Ingreso Bajo,0.0,0.0,Yemen,Países De Ingreso Bajo,0.0,0.0,Yemen,Países De Ingreso Bajo,0.0,0.0,Yemen,Países De Ingreso Bajo,0.0,0.0
ZAF,South Africa,Ingreso Mediano Alto,389330.032224269,0.18,South Africa,Ingreso Mediano Alto,337974.655408055,0.16,South Africa,Ingreso Mediano Alto,420886.877628703,0.18,South Africa,Ingreso Mediano Alto,406920.004594074,0.16,South Africa,Ingreso Mediano Alto,380699.271814508,0.14
ZMB,Zambia,Países De Ingreso Mediano Bajo,23308.6677812258,0.01,Zambia,Países De Ingreso Mediano Bajo,18137.764930651,0.01,Zambia,Países De Ingreso Mediano Bajo,22096.4169320089,0.01,Zambia,Países De Ingreso Mediano Bajo,29163.7821404858,0.01,Zambia,Países De Ingreso Mediano Bajo,27577.956471244,0.01
ZWE,Zimbabwe,Países De Ingreso Mediano Bajo,25717.409842447894,0.01,Zimbabwe,Países De Ingreso Mediano Bajo,26867.9364446826,0.01,Zimbabwe,Países De Ingreso Mediano Bajo,27240.515108804902,0.01,Zimbabwe,Países De Ingreso Mediano Bajo,32789.7517363323,0.01,Zimbabwe,Países De Ingreso Mediano Bajo,35231.3678858554,0.01
